id,user_agent,times_seen,simple_software_string,simple_sub_description_string,simple_operating_platform_string,software,software_name,software_name_code,software_version,software_version_full,operating_system,operating_system_name,operating_system_name_code,operating_system_version,operating_system_version_full,operating_system_flavour,operating_system_flavour_code,operating_system_frameworks,operating_platform,operating_platform_code,operating_platform_vendor_name,software_type,software_sub_type,software_type_specific,hardware_type,hardware_sub_type,hardware_sub_sub_type,hardware_type_specific,layout_engine_name,layout_engine_version,extra_info,extra_info_dict,capabilities,detected_addons,first_seen_at,last_seen_at,updated_at
1,"Mozilla/5.0 (Macintosh; Intel Mac OS X 10_10_4) AppleWebKit/537.36 (KHTML, like Gecko) Chrome/44.0.2403.155 Safari/537.36",1390,Chrome 44 on Mac OS X (Yosemite),,,Chrome 44,Chrome,chrome,44,44.0.2403.155,Mac OS X (Yosemite),Mac OS X,mac-os-x,Yosemite,10.10.4,,,[],,,,browser,web-browser,,computer,,,,Blink,[],{},{},[],[],2015-08-12 18:35:06.000000,2019-07-25 00:00:00.000000,NULL
2,"Mozilla/5.0 (Macintosh; Intel Mac OS X 10_10_4) AppleWebKit/600.7.12 (KHTML, like Gecko) Version/8.0.7 Safari/600.7.12",35624,Safari 8 on Mac OS X (Yosemite),,,Safari 8,Safari,safari,8,8.0.7,Mac OS X (Yosemite),Mac OS X,mac-os-x,Yosemite,10.10.4,,,[],,,,browser,web-browser,,computer,,,,WebKit,"[""600"", ""7"", ""12""]",{},{},[],[],2015-07-01 13:54:15.000000,2019-07-23 00:00:00.000000,NULL
5,"Mozilla/5.0 (X11; Linux x86_64) AppleWebKit/537.36 (KHTML, like Gecko) Chrome/42.0.2311.135 Safari/537.36",22936,Chrome 42 on Linux,,,Chrome 42,Chrome,chrome,42,42.0.2311.135,Linux,Linux,linux,,,,,[],,,,browser,web-browser,,computer,,,,Blink,[],"{""20"": [""X11 Window System""]}","{""Hardware Architecture"": ""x64""}",[],[],2015-04-30 11:37:10.000000,2019-07-22 04:00:27.922570,NULL
6,"Mozilla/5.0 (Macintosh; Intel Mac OS X 10_10_5) AppleWebKit/600.8.9 (KHTML, like Gecko) Version/8.0.8 Safari/600.8.9",62347,Safari 8 on Mac OS X (Yosemite),,,Safari 8,Safari,safari,8,8.0.8,Mac OS X (Yosemite),Mac OS X,mac-os-x,Yosemite,10.10.5,,,[],,,,browser,web-browser,,computer,,,,WebKit,"[""600"", ""8"", ""9""]",{},{},[],[],2015-08-15 06:30:23.000000,2019-07-26 10:00:04.301989,NULL
7,"Mozilla/5.0 (iPhone; CPU iPhone OS 8_2 like Mac OS X) AppleWebKit/600.1.4 (KHTML, like Gecko) CriOS/44.0.2403.67 Mobile/12D508 Safari/600.1.4",36,Chrome 44 on iOS 8.2,,Apple iPhone,Chrome 44,Chrome,chrome,44,44.0.2403.67,iOS 8.2,iOS,ios,8.2,8.2,,,[],iPhone,,Apple,browser,web-browser,,mobile,phone,,,WebKit,"[""600"", ""1"", ""4""]",{},"{""Mobile Build"": ""12D508""}",[],[],2016-03-13 12:03:26.000000,2019-07-14 00:00:00.000000,NULL
8,"Mozilla/5.0 (Windows NT 6.1; WOW64) AppleWebKit/537.36 (KHTML, like Gecko) Chrome/44.0.2403.155 Safari/537.36",9965,Chrome 44 on Windows 7,,,Chrome 44,Chrome,chrome,44,44.0.2403.155,Windows 7,Windows,windows,7,NT 6.1,,,[],,,,browser,web-browser,,computer,,,,Blink,[],"{""20"": [""Possibly running on Windows Server 2008 R2"", ""32 bit compatibility layer""]}",{},[],[],2015-08-12 13:20:40.000000,2019-07-12 00:00:00.000000,NULL
9,Mozilla/5.0 (Windows NT 6.1; rv:38.0) Gecko/20100101 Firefox/38.0,47113,Firefox 38 on Windows 7,,,Firefox 38,Firefox,firefox,38,38.0,Windows 7,Windows,windows,7,NT 6.1,,,[],,,,browser,web-browser,,computer,,,,Gecko,"[""20100101""]","{""20"": [""Possibly running on Windows Server 2008 R2""]}",{},[],[],2015-04-07 15:45:21.000000,2019-07-27 00:00:00.000000,NULL
10,"Mozilla/5.0 (Windows NT 6.3; Win64; x64) AppleWebKit/537.36 (KHTML, like Gecko) Chrome/37.0.2049.0 Safari/537.36",8347,Chrome 37 on Windows 8.1,,,Chrome 37,Chrome,chrome,37,37.0.2049.0,Windows 8.1,Windows,windows,8.1,NT 6.3,,,[],,,,browser,web-browser,,computer,,,,Blink,[],"{""20"": [""64-bit Edition""]}","{""Hardware Architecture"": ""64-bit processor (AMD)""}",[],[],2014-08-16 21:52:42.000000,2019-07-18 00:00:00.000000,NULL
11,"Mozilla/5.0 (Windows NT 10.0) AppleWebKit/537.36 (KHTML, like Gecko) Chrome/42.0.2311.135 Safari/537.36 Edge/12.10240",8142,Edge 20 on Windows 10,,,Edge 20,Edge,edge,20,20.10240,Windows 10,Windows,windows,10,NT 10.0,,,[],,,,browser,web-browser,,computer,,,,EdgeHTML,"[""12"", ""10240""]",{},{},[],[],2015-08-01 16:28:04.000000,2019-07-26 00:00:00.000000,NULL
12,"Mozilla/5.0 (Windows NT 6.2; WOW64) AppleWebKit/537.36 (KHTML, like Gecko) Chrome/43.0.2357.65 Safari/537.36",7680,Chrome 43 on Windows 8,,,Chrome 43,Chrome,chrome,43,43.0.2357.65,Windows 8,Windows,windows,8,NT 6.2,,,[],,,,browser,web-browser,,computer,,,,Blink,[],"{""20"": [""32 bit compatibility layer""]}",{},[],[],2015-05-22 16:01:40.000000,2019-06-27 06:21:05.000000,NULL
13,"Mozilla/5.0 (X11; Linux x86_64) AppleWebKit/537.31 (KHTML, like Gecko) Chrome/42.0 Safari/537.31",43,Chrome 42 on Linux,,,Chrome 42,Chrome,chrome,42,42.0,Linux,Linux,linux,,,,,[],,,,browser,web-browser,,computer,,,,Blink,[],"{""20"": [""X11 Window System""]}","{""Hardware Architecture"": ""x64""}",[],[],2015-03-26 13:34:12.000000,2019-06-27 06:21:05.000000,NULL
14,Mozilla/5.0 (Windows NT 6.3; WOW64; rv:39.0) Gecko/20100101 Firefox/39.0,78704,Firefox 39 on Windows 8.1,,,Firefox 39,Firefox,firefox,39,39.0,Windows 8.1,Windows,windows,8.1,NT 6.3,,,[],,,,browser,web-browser,,computer,,,,Gecko,"[""20100101""]","{""20"": [""32 bit compatibility layer""]}",{},[],[],2015-07-03 11:01:56.000000,2019-06-29 17:00:35.103215,NULL
15,Mozilla/5.0 (compatible; MSIE 9.0; Windows NT 6.1; WOW64; Trident/5.0),379623,Internet Explorer 9 on Windows 7,,,Internet Explorer 9,Internet Explorer,internet-explorer,9,9,Windows 7,Windows,windows,7,NT 6.1,,,[],,,,browser,web-browser,,computer,,,,Trident,"[""5"", ""0""]","{""20"": [""Possibly running on Windows Server 2008 R2"", ""32 bit compatibility layer""]}",{},[],[],2010-09-19 16:20:40.000000,2019-07-27 00:00:00.000000,NULL
16,"Mozilla/5.0 (Macintosh; Intel Mac OS X 10_6_8) AppleWebKit/534.59.10 (KHTML, like Gecko) Version/5.1.9 Safari/534.59.10",174065,Safari 5.1 on Mac OS X (Snow Leopard),,,Safari 5.1,Safari,safari,5.1,5.1.9,Mac OS X (Snow Leopard),Mac OS X,mac-os-x,Snow Leopard,10.6.8,,,[],,,,browser,web-browser,,computer,,,,WebKit,"[""534"", ""59"", ""10""]",{},{},[],[],2013-09-20 15:38:09.000000,2019-07-27 14:00:19.868130,NULL
17,Mozilla/5.0 (compatible; Yahoo! Slurp; http://help.yahoo.com/help/us/ysearch/slurp),1870757,Yahoo! Slurp Web Crawler Bot,,,Yahoo! Slurp Web Crawler Bot,Yahoo! Slurp Web Crawler Bot,yahoo-slurp-web-crawler-bot,,,,,,,,,,[],,,,bot,crawler,,server,,,,,[],{},{},[],[],2004-03-02 02:30:58.000000,2019-07-24 20:00:04.355558,NULL
18,Mozilla/5.0 (compatible; MSIE 10.0; Windows NT 6.1; WOW64; Trident/6.0),287333,Internet Explorer 10 on Windows 7,,,Internet Explorer 10,Internet Explorer,internet-explorer,10,10,Windows 7,Windows,windows,7,NT 6.1,,,[],,,,browser,web-browser,,computer,,,,Trident,"[""6"", ""0""]","{""20"": [""Possibly running on Windows Server 2008 R2"", ""32 bit compatibility layer""]}",{},[],[],2012-07-16 01:06:54.000000,2019-07-27 08:00:50.526960,NULL
19,"Mozilla/5.0 (Windows NT 6.1) AppleWebKit/537.36 (KHTML, like Gecko) coc_coc_browser/50.0.125 Chrome/44.0.2403.125 Safari/537.36",203,Chrome 44 on Windows 7,,,Chrome 44,Chrome,chrome,44,44.0.2403.125,Windows 7,Windows,windows,7,NT 6.1,,,[],,,,browser,web-browser,,computer,,,,Blink,[],"{""20"": [""Possibly running on Windows Server 2008 R2""]}",{},[],[],2016-03-13 12:03:26.000000,2019-07-19 18:00:37.266558,NULL
20,Mozilla/4.0 (compatible; MSIE 7.0; Windows NT 6.1; Trident/7.0; SLCC2; .NET CLR 2.0.50727; .NET CLR 3.5.30729; .NET CLR 3.0.30729; Media Center PC 6.0; .NET4.0C; .NET4.0E),6382,Internet Explorer 11 on Windows 7,Internet Explorer 7 Compatibility View,,Internet Explorer 11,Internet Explorer,internet-explorer,11,11,Windows 7,Windows,windows,7,NT 6.1,,,"[{""code"": ""microsoft-dotnet"", ""name"": ""Microsoft .Net"", ""versions"": [{""simple"": ""4.0"", ""full"": [""4"", ""0C""]}, {""simple"": ""4.0"", ""full"": [""4"", ""0E""]}, {""simple"": ""2.0"", ""full"": [""2"", ""0"", ""50727""]}, {""simple"": ""3.5"", ""full"": [""3"", ""5"", ""30729""]}, {""simple"": ""3.0"", ""full"": [""3"", ""0"", ""30729""]}]}]",,,,browser,web-browser,,computer,,,,Trident,"[""7"", ""0""]","{""10"": [""Internet Explorer 7 Compatibility View""], ""20"": [""Media Center PC v6.0""]}",{},[],"[""Microsoft Windows Security Licensing v2.0""]",2014-02-23 10:13:27.000000,2019-07-27 00:00:00.000000,NULL
21,Mozilla/5.0 (Windows NT 6.1; WOW64; rv:40.0) Gecko/20100101 Firefox/40.0,100075,Firefox 40 on Windows 7,,,Firefox 40,Firefox,firefox,40,40.0,Windows 7,Windows,windows,7,NT 6.1,,,[],,,,browser,web-browser,,computer,,,,Gecko,"[""20100101""]","{""20"": [""Possibly running on Windows Server 2008 R2"", ""32 bit compatibility layer""]}",{},[],[],2015-06-12 08:11:33.000000,2019-07-26 00:00:00.000000,NULL
22,"Mozilla/5.0 (Windows NT 10.0; WOW64) AppleWebKit/537.36 (KHTML, like Gecko) Chrome/39.0.2171.71 Safari/537.36 Edge/12.0",2675,Edge on Windows 10,,,Edge,Edge,edge,,,Windows 10,Windows,windows,10,NT 10.0,,,[],,,,browser,web-browser,,computer,,,,EdgeHTML,"[""12"", ""0""]","{""20"": [""32 bit compatibility layer""]}",{},[],[],2015-03-22 07:01:55.000000,2019-07-24 00:00:00.000000,NULL
23,Mozilla/5.0 (Windows NT 6.3; WOW64; rv:36.0) Gecko/20100101 Firefox/36.0,37865,Firefox 36 on Windows 8.1,,,Firefox 36,Firefox,firefox,36,36.0,Windows 8.1,Windows,windows,8.1,NT 6.3,,,[],,,,browser,web-browser,,computer,,,,Gecko,"[""20100101""]","{""20"": [""32 bit compatibility layer""]}",{},[],[],2015-01-21 00:42:07.000000,2019-07-25 23:00:21.714616,NULL
24,Mozilla/4.0 (compatible; MSIE 8.0; Windows NT 6.1; WOW64; Trident/4.0; GTB7.5; SLCC2; .NET CLR 2.0.50727; .NET CLR 3.5.30729; .NET CLR 3.0.30729; Media Center PC 6.0; .NET4.0C),541,Internet Explorer 8 on Windows 7,,,Internet Explorer 8,Internet Explorer,internet-explorer,8,8,Windows 7,Windows,windows,7,NT 6.1,,,"[{""code"": ""microsoft-dotnet"", ""name"": ""Microsoft .Net"", ""versions"": [{""simple"": ""4.0"", ""full"": [""4"", ""0C""]}, {""simple"": ""2.0"", ""full"": [""2"", ""0"", ""50727""]}, {""simple"": ""3.5"", ""full"": [""3"", ""5"", ""30729""]}, {""simple"": ""3.0"", ""full"": [""3"", ""0"", ""30729""]}]}]",,,,browser,web-browser,,computer,,,,Trident,"[""4"", ""0""]","{""20"": [""32 bit compatibility layer"", ""Media Center PC v6.0""]}",{},[],"[""Google Toolbar v7.5"", ""Microsoft Windows Security Licensing v2.0""]",2015-03-25 03:57:47.000000,2019-06-27 06:21:05.000000,NULL
25,"Mozilla/5.0 (Windows NT 10.0; Win64; x64) AppleWebKit/537.36 (KHTML, like Gecko) Chrome/42.0.2311.135 Safari/537.36 Edge/12.10240",87115,Edge 20 on Windows 10,,,Edge 20,Edge,edge,20,20.10240,Windows 10,Windows,windows,10,NT 10.0,,,[],,,,browser,web-browser,,computer,,,,EdgeHTML,"[""12"", ""10240""]","{""20"": [""64-bit Edition""]}","{""Hardware Architecture"": ""64-bit processor (AMD)""}",[],[],2015-07-31 00:40:57.000000,2019-07-27 15:00:21.086179,NULL
26,Mozilla/5.0 (Windows NT 6.3; WOW64; Trident/7.0; rv:11.0) like Gecko,354999,Internet Explorer 11 on Windows 8.1,,,Internet Explorer 11,Internet Explorer,internet-explorer,11,11,Windows 8.1,Windows,windows,8.1,NT 6.3,,,[],,,,browser,web-browser,,computer,,,,Trident,"[""7"", ""0""]","{""20"": [""32 bit compatibility layer""]}",{},[],[],2013-11-02 15:13:17.000000,2019-07-28 06:00:21.148547,NULL
27,Mozilla/5.0 (compatible; MSIE 10.0; Windows NT 6.1; Trident/6.0) LinkCheck by Siteimprove.com,10121,LinkCheck Analyser,,,LinkCheck Analyser,LinkCheck Analyser,linkcheck-analyser,10,,,Windows,,7,,,,[],,,,bot,analyser,,server,,,,Trident,[],{},{},[],[],2015-01-07 05:19:55.000000,2019-07-28 06:00:38.479075,NULL
28,"Mozilla/5.0 (Windows NT 6.3; WOW64) AppleWebKit/537.36 (KHTML, like Gecko) Chrome/43.0.2357.65 Safari/537.36",12097,Chrome 43 on Windows 8.1,,,Chrome 43,Chrome,chrome,43,43.0.2357.65,Windows 8.1,Windows,windows,8.1,NT 6.3,,,[],,,,browser,web-browser,,computer,,,,Blink,[],"{""20"": [""32 bit compatibility layer""]}",{},[],[],2015-05-20 15:26:31.000000,2019-07-21 00:00:00.000000,NULL
29,Mozilla/5.0 (Windows NT 6.3; Win64; x64; Trident/7.0; rv:11.0) like Gecko,24693,Internet Explorer 11 on Windows 8.1,,,Internet Explorer 11,Internet Explorer,internet-explorer,11,11,Windows 8.1,Windows,windows,8.1,NT 6.3,,,[],,,,browser,web-browser,,computer,,,,Trident,"[""7"", ""0""]","{""20"": [""64-bit Edition""]}","{""Hardware Architecture"": ""64-bit processor (AMD)""}",[],[],2013-12-10 10:30:14.000000,2019-07-27 09:00:11.275077,NULL
30,"Mozilla/5.0 (iPhone; CPU iPhone OS 8_4 like Mac OS X) AppleWebKit/600.1.4 (KHTML, like Gecko) Version/8.0 Mobile/12H143 Safari/600.1.4",31361,Safari 8 on iOS 8.4,,Apple iPhone,Safari 8,Safari,safari,8,8.0,iOS 8.4,iOS,ios,8.4,8.4,,,[],iPhone,,Apple,browser,web-browser,,mobile,phone,,,WebKit,"[""600"", ""1"", ""4""]",{},"{""Mobile Build"": ""12H143""}",[],[],2015-07-01 18:44:36.000000,2019-07-26 00:00:00.000000,NULL
31,"Mozilla/5.0 (Windows NT 6.3; WOW64) AppleWebKit/537.36 (KHTML, like Gecko) Chrome/44.0.2403.157 Safari/537.36",8081,Chrome 44 on Windows 8.1,,,Chrome 44,Chrome,chrome,44,44.0.2403.157,Windows 8.1,Windows,windows,8.1,NT 6.3,,,[],,,,browser,web-browser,,computer,,,,Blink,[],"{""20"": [""32 bit compatibility layer""]}",{},[],[],2015-08-21 21:21:03.000000,2019-06-27 06:21:05.000000,NULL
32,Mozilla/5.0 (Windows NT 6.1; WOW64; rv:39.0) Gecko/20100101 Firefox/39.0,101556,Firefox 39 on Windows 7,,,Firefox 39,Firefox,firefox,39,39.0,Windows 7,Windows,windows,7,NT 6.1,,,[],,,,browser,web-browser,,computer,,,,Gecko,"[""20100101""]","{""20"": [""Possibly running on Windows Server 2008 R2"", ""32 bit compatibility layer""]}",{},[],[],2015-06-16 22:41:15.000000,2019-07-22 00:00:00.000000,NULL
33,Mozilla/5.0 (Windows NT 6.2; WOW64; Trident/7.0; rv:11.0) like Gecko,110269,Internet Explorer 11 on Windows 8,,,Internet Explorer 11,Internet Explorer,internet-explorer,11,11,Windows 8,Windows,windows,8,NT 6.2,,,[],,,,browser,web-browser,,computer,,,,Trident,"[""7"", ""0""]","{""20"": [""32 bit compatibility layer""]}",{},[],[],2014-01-13 13:20:11.000000,2019-07-27 22:00:04.527320,NULL
34,"Mozilla/5.0 (Windows NT 6.3; WOW64) AppleWebKit/537.36 (KHTML, like Gecko) Chrome/44.0.2403.155 Safari/537.36",3158,Chrome 44 on Windows 8.1,,,Chrome 44,Chrome,chrome,44,44.0.2403.155,Windows 8.1,Windows,windows,8.1,NT 6.3,,,[],,,,browser,web-browser,,computer,,,,Blink,[],"{""20"": [""32 bit compatibility layer""]}",{},[],[],2015-08-13 04:34:50.000000,2019-07-27 09:00:49.512778,NULL
35,"Mozilla/5.0 (Windows NT 6.0) AppleWebKit/537.36 (KHTML, like Gecko) Chrome/44.0.2403.155 Safari/537.36",1513,Chrome 44 on Windows Vista,,,Chrome 44,Chrome,chrome,44,44.0.2403.155,Windows Vista,Windows,windows,Vista,NT 6.0,,,[],,,,browser,web-browser,,computer,,,,Blink,[],"{""20"": [""Possibly running on Windows Server 2008""]}",{},[],[],2015-08-13 21:40:33.000000,2019-06-27 06:21:05.000000,NULL
36,"Mozilla/5.0 (BB10; Touch) AppleWebKit/537.35+ (KHTML, like Gecko) Version/10.3.2.2339 Mobile Safari/537.35+",52,Blackberry Browser on BlackBerry Z Series,,,Blackberry Browser,Blackberry Browser,blackberry-browser,,,,,,,,,,[],BlackBerry Z Series,,BlackBerry,browser,web-browser,,mobile,phone,,,WebKit,"[""537"", ""35""]",{},{},"[""Touch capability""]",[],2016-03-13 12:03:27.000000,2019-07-18 00:00:00.000000,NULL
37,"Mozilla/5.0 (Windows NT 6.0; WOW64) AppleWebKit/537.36 (KHTML, like Gecko) Chrome/43.0.2357.65 Safari/537.36",5633,Chrome 43 on Windows Vista,,,Chrome 43,Chrome,chrome,43,43.0.2357.65,Windows Vista,Windows,windows,Vista,NT 6.0,,,[],,,,browser,web-browser,,computer,,,,Blink,[],"{""20"": [""Possibly running on Windows Server 2008"", ""32 bit compatibility layer""]}",{},[],[],2015-05-23 02:06:27.000000,2019-06-27 06:21:05.000000,NULL
38,Mozilla/5.0 (Windows NT 6.1; WOW64; Trident/7.0; rv:11.0) like Gecko,2117822,Internet Explorer 11 on Windows 7,,,Internet Explorer 11,Internet Explorer,internet-explorer,11,11,Windows 7,Windows,windows,7,NT 6.1,,,[],,,,browser,web-browser,,computer,,,,Trident,"[""7"", ""0""]","{""20"": [""Possibly running on Windows Server 2008 R2"", ""32 bit compatibility layer""]}",{},[],[],2013-11-13 22:09:16.000000,2019-07-28 06:00:39.639872,NULL
39,Mozilla/5.0 (Windows NT 10.0; WOW64; rv:40.0) Gecko/20100101 Firefox/40.0,18344,Firefox 40 on Windows 10,,,Firefox 40,Firefox,firefox,40,40.0,Windows 10,Windows,windows,10,NT 10.0,,,[],,,,browser,web-browser,,computer,,,,Gecko,"[""20100101""]","{""20"": [""32 bit compatibility layer""]}",{},[],[],2015-08-14 10:26:34.000000,2019-07-26 00:00:00.000000,NULL
40,Mozilla/5.0 (Macintosh; Intel Mac OS X 10.10; rv:40.0) Gecko/20100101 Firefox/40.0,13308,Firefox 40 on Mac OS X (Yosemite),,,Firefox 40,Firefox,firefox,40,40.0,Mac OS X (Yosemite),Mac OS X,mac-os-x,Yosemite,10.10,,,[],,,,browser,web-browser,,computer,,,,Gecko,"[""20100101""]",{},{},[],[],2015-07-03 03:34:58.000000,2019-07-09 00:00:00.000000,NULL
41,"Mozilla/5.0 (Mobile; Windows Phone 8.1; Android 4.0; ARM; Trident/7.0; Touch; rv:11.0; IEMobile/11.0; NOKIA; Lumia 525) like iPhone OS 7_0_3 Mac OS X AppleWebKit/537 (KHTML, like Gecko) Mobile Safari/537",144,Internet Explorer Mobile 11 on Windows Phone 8.1,,Nokia Lumia 525,Internet Explorer Mobile 11,Internet Explorer Mobile,internet-explorer-mobile,11,11.0,Windows Phone 8.1,Windows Phone,windows-phone,8.1,8.1,,,[],Lumia 525,525,Nokia,browser,web-browser,,mobile,phone,,,Trident,"[""7"", ""0""]",{},"{""Hardware Architecture"": ""ARM""}","[""Touch capability""]",[],2016-03-13 12:03:27.000000,2019-07-20 00:00:00.000000,NULL
42,"Mozilla/5.0 (Windows NT 6.3; WOW64) AppleWebKit/537.36 (KHTML, like Gecko) Chrome/44.0.2403.107 Safari/537.36",2478,Chrome 44 on Windows 8.1,,,Chrome 44,Chrome,chrome,44,44.0.2403.107,Windows 8.1,Windows,windows,8.1,NT 6.3,,,[],,,,browser,web-browser,,computer,,,,Blink,[],"{""20"": [""32 bit compatibility layer""]}",{},[],[],2015-07-25 23:17:52.000000,2019-06-27 06:21:05.000000,NULL
43,Mozilla/5.0 (Macintosh; Intel Mac OS X 10.10; rv:37.0) Gecko/20100101 Firefox/37.0,7428,Firefox 37 on Mac OS X (Yosemite),,,Firefox 37,Firefox,firefox,37,37.0,Mac OS X (Yosemite),Mac OS X,mac-os-x,Yosemite,10.10,,,[],,,,browser,web-browser,,computer,,,,Gecko,"[""20100101""]",{},{},[],[],2015-02-03 16:21:49.000000,2019-06-27 06:21:05.000000,NULL
44,Mozilla/5.0 (Windows NT 5.1; WOW64; Trident/7.0; rv:11.0) like Gecko,8182,Internet Explorer 11 on Windows XP,,,Internet Explorer 11,Internet Explorer,internet-explorer,11,11,Windows XP,Windows,windows,XP,NT 5.1,,,[],,,,browser,web-browser,,computer,,,,Trident,"[""7"", ""0""]","{""20"": [""32 bit compatibility layer""]}",{},[],[],2015-03-22 06:34:29.000000,2019-06-27 06:21:05.000000,NULL
45,"Mozilla/5.0 (X11; Linux x86_64) AppleWebKit/537.36 (KHTML, like Gecko) Ubuntu Chromium/44.0.2403.89 Chrome/44.0.2403.89 Safari/537.36",1039,Chromium 44 on Ubuntu Linux,,,Chromium 44,Chromium,chromium,44,44.0.2403.89,Ubuntu Linux,Linux,linux,,,Ubuntu,ubuntu,[],,,,browser,web-browser,,computer,,,,WebKit,"[""537"", ""36""]","{""20"": [""X11 Window System""]}","{""Hardware Architecture"": ""x64""}",[],[],2015-08-25 16:27:03.000000,2019-06-27 06:21:05.000000,NULL
46,"Mozilla/5.0 (iPad; CPU OS 8_4 like Mac OS X) AppleWebKit/600.1.4 (KHTML, like Gecko) Version/8.0 Mobile/12H143 Safari/600.1.4",33874,Safari 8 on iOS 8.4,,Apple iPad,Safari 8,Safari,safari,8,8.0,iOS 8.4,iOS,ios,8.4,8.4,,,[],iPad,,Apple,browser,web-browser,,mobile,tablet,,,WebKit,"[""600"", ""1"", ""4""]",{},"{""Mobile Build"": ""12H143""}",[],[],2015-07-01 07:38:38.000000,2019-07-25 03:00:48.248591,NULL
47,"Mozilla/5.0 (Macintosh; Intel Mac OS X 10_10) AppleWebKit/600.1.25 (KHTML, like Gecko) QuickLook/5.0",267,Webkit based browser on Mac OS X (Yosemite),,,Webkit based browser,Webkit based browser,webkit-based-browser,,,Mac OS X (Yosemite),Mac OS X,mac-os-x,Yosemite,10.10,,,[],,,,browser,web-browser,,computer,,,,WebKit,"[""600"", ""1"", ""25""]",{},{},[],[],2014-11-25 19:19:09.000000,2019-06-27 06:21:05.000000,NULL
48,Mozilla/5.0 (X11; Ubuntu; Linux x86_64; rv:40.0) Gecko/20100101 Firefox/40.0,12695,Firefox 40 on Ubuntu Linux,,,Firefox 40,Firefox,firefox,40,40.0,Ubuntu Linux,Linux,linux,,,Ubuntu,ubuntu,[],,,,browser,web-browser,,computer,,,,Gecko,"[""20100101""]","{""20"": [""X11 Window System""]}","{""Hardware Architecture"": ""x64""}",[],[],2015-08-14 09:24:28.000000,2019-07-23 07:00:31.778011,NULL
49,Mozilla/5.0 (Windows NT 6.3; WOW64; Trident/7.0; MATBJS; rv:11.0) like Gecko,2599,Internet Explorer 11 on Windows 8.1,,Toshiba,Internet Explorer 11,Internet Explorer,internet-explorer,11,11,Windows 8.1,Windows,windows,8.1,NT 6.3,,,[],,,Toshiba,browser,web-browser,,computer,,,,Trident,"[""7"", ""0""]","{""20"": [""32 bit compatibility layer""]}",{},[],[],2013-12-06 13:51:09.000000,2019-07-27 22:00:31.657667,NULL
50,"Mozilla/5.0 (Windows NT 6.0; WOW64) AppleWebKit/537.36 (KHTML, like Gecko) Chrome/44.0.2403.155 Safari/537.36",585,Chrome 44 on Windows Vista,,,Chrome 44,Chrome,chrome,44,44.0.2403.155,Windows Vista,Windows,windows,Vista,NT 6.0,,,[],,,,browser,web-browser,,computer,,,,Blink,[],"{""20"": [""Possibly running on Windows Server 2008"", ""32 bit compatibility layer""]}",{},[],[],2015-08-14 13:13:31.000000,2019-06-27 06:21:05.000000,NULL
51,Mozilla/5.0 (Windows NT 10.0; Trident/7.0; rv:11.0) like Gecko,16762,Internet Explorer 11 on Windows 10,,,Internet Explorer 11,Internet Explorer,internet-explorer,11,11,Windows 10,Windows,windows,10,NT 10.0,,,[],,,,browser,web-browser,,computer,,,,Trident,"[""7"", ""0""]",{},{},[],[],2015-08-27 11:03:09.000000,2019-07-28 05:00:11.447633,NULL
52,Mozilla/4.0 (compatible; MSIE 6.0; Windows NT 5.1; SV1; .NET CLR 2.0.50727; .NET CLR 3.0.4506.2152; .NET CLR 3.5.30729),6415,Internet Explorer 6 on Windows XP SP2,,,Internet Explorer 6,Internet Explorer,internet-explorer,6,6.0,Windows XP SP2,Windows,windows,XP SP2,NT 5.1,,,"[{""code"": ""microsoft-dotnet"", ""name"": ""Microsoft .Net"", ""versions"": [{""simple"": ""2.0"", ""full"": [""2"", ""0"", ""50727""]}, {""simple"": ""3.0"", ""full"": [""3"", ""0"", ""4506"", ""2152""]}, {""simple"": ""3.5"", ""full"": [""3"", ""5"", ""30729""]}]}]",,,,browser,web-browser,,computer,,,,Trident,[],{},{},[],[],2008-09-15 15:53:43.000000,2019-07-13 07:00:41.550913,NULL
53,Mozilla/5.0 (Windows NT 6.0; WOW64; rv:35.0) Gecko/20100101 Firefox/35.0,682,Firefox 35 on Windows Vista,,,Firefox 35,Firefox,firefox,35,35.0,Windows Vista,Windows,windows,Vista,NT 6.0,,,[],,,,browser,web-browser,,computer,,,,Gecko,"[""20100101""]","{""20"": [""Possibly running on Windows Server 2008"", ""32 bit compatibility layer""]}",{},[],[],2015-01-18 18:44:39.000000,2019-06-27 06:21:05.000000,NULL
54,"Mozilla/5.0 (Linux; U; Android 4.3; en-us; ZTE-Z667G Build/JLS36C) AppleWebKit/534.30 (KHTML, like Gecko) Version/4.0 Mobile Safari/534.30",318,Android Browser 4 on Android (Jelly Bean),,ZTE Z667G,Android Browser 4,Android Browser,android-browser,4,4.0,Android (Jelly Bean),Android,android,Jelly Bean,4.3,,,[],ZTE Z667G,Z667G,ZTE,browser,web-browser,,mobile,,,,WebKit,"[""534"", ""30""]",{},"{""System Build"": ""JLS36C""}",[],[],2015-03-22 11:43:47.000000,2019-06-27 06:21:05.000000,NULL
55,"Mozilla/5.0 (Windows NT 6.1; WOW64) AppleWebKit/537.36 (KHTML, like Gecko) Chrome/44.0.2403.157 Safari/537.36",19710,Chrome 44 on Windows 7,,,Chrome 44,Chrome,chrome,44,44.0.2403.157,Windows 7,Windows,windows,7,NT 6.1,,,[],,,,browser,web-browser,,computer,,,,Blink,[],"{""20"": [""Possibly running on Windows Server 2008 R2"", ""32 bit compatibility layer""]}",{},[],[],2015-08-21 01:31:48.000000,2019-07-24 07:00:21.773827,NULL
56,Mozilla/5.0 (Windows NT 6.3; WOW64; Trident/7.0; Touch; ASU2JS; rv:11.0) like Gecko,2730,Internet Explorer 11 on Windows 8.1,,Asus,Internet Explorer 11,Internet Explorer,internet-explorer,11,11,Windows 8.1,Windows,windows,8.1,NT 6.3,,,[],,,Asus,browser,web-browser,,computer,,,,Trident,"[""7"", ""0""]","{""20"": [""32 bit compatibility layer""]}",{},"[""Touch capability""]",[],2014-02-03 21:35:16.000000,2019-07-24 15:00:17.044302,NULL
57,Mozilla/5.0 (Windows NT 6.1; WOW64; rv:38.0) Gecko/20100101 Firefox/38.0,153326,Firefox 38 on Windows 7,,,Firefox 38,Firefox,firefox,38,38.0,Windows 7,Windows,windows,7,NT 6.1,,,[],,,,browser,web-browser,,computer,,,,Gecko,"[""20100101""]","{""20"": [""Possibly running on Windows Server 2008 R2"", ""32 bit compatibility layer""]}",{},[],[],2015-03-22 12:45:09.000000,2019-07-26 21:00:39.339218,NULL
58,Mozilla/5.0 (Windows NT 6.0; WOW64; Trident/7.0; rv:11.0) like Gecko,7824,Internet Explorer 11 on Windows Vista,,,Internet Explorer 11,Internet Explorer,internet-explorer,11,11,Windows Vista,Windows,windows,Vista,NT 6.0,,,[],,,,browser,web-browser,,computer,,,,Trident,"[""7"", ""0""]","{""20"": [""Possibly running on Windows Server 2008"", ""32 bit compatibility layer""]}",{},[],[],2015-03-22 06:57:53.000000,2019-06-27 06:21:05.000000,NULL
59,Mozilla/5.0 (Windows NT 10.0; WOW64; Trident/7.0; rv:11.0) like Gecko,529867,Internet Explorer 11 on Windows 10,,,Internet Explorer 11,Internet Explorer,internet-explorer,11,11,Windows 10,Windows,windows,10,NT 10.0,,,[],,,,browser,web-browser,,computer,,,,Trident,"[""7"", ""0""]","{""20"": [""32 bit compatibility layer""]}",{},[],[],2015-08-10 13:17:39.000000,2019-07-28 05:00:23.595403,NULL
60,"Mozilla/5.0 (Windows NT 5.1; WOW64) AppleWebKit/537.36 (KHTML, like Gecko) Chrome/43.0.2357.65 Safari/537.36",5467,Chrome 43 on Windows XP,,,Chrome 43,Chrome,chrome,43,43.0.2357.65,Windows XP,Windows,windows,XP,NT 5.1,,,[],,,,browser,web-browser,,computer,,,,Blink,[],"{""20"": [""32 bit compatibility layer""]}",{},[],[],2016-03-13 12:03:27.000000,2019-06-27 06:21:05.000000,NULL
61,"Mozilla/5.0 (Windows NT 6.1; WOW64) AppleWebKit/537.36 (KHTML, like Gecko) Chrome/43.0.2357.65 Safari/537.36",34584,Chrome 43 on Windows 7,,,Chrome 43,Chrome,chrome,43,43.0.2357.65,Windows 7,Windows,windows,7,NT 6.1,,,[],,,,browser,web-browser,,computer,,,,Blink,[],"{""20"": [""Possibly running on Windows Server 2008 R2"", ""32 bit compatibility layer""]}",{},[],[],2015-05-20 15:19:39.000000,2019-07-12 07:00:52.663535,NULL
62,"Mozilla/5.0 (iPad; CPU OS 8_3 like Mac OS X) AppleWebKit/600.1.4 (KHTML, like Gecko) Version/8.0 Mobile/12F69 Safari/600.1.4",62321,Safari 8 on iOS 8.3,,Apple iPad,Safari 8,Safari,safari,8,8.0,iOS 8.3,iOS,ios,8.3,8.3,,,[],iPad,,Apple,browser,web-browser,,mobile,tablet,,,WebKit,"[""600"", ""1"", ""4""]",{},"{""Mobile Build"": ""12F69""}",[],[],2015-04-10 01:25:55.000000,2019-07-26 00:00:00.000000,NULL
63,Mozilla/5.0 (Windows NT 6.0; WOW64; rv:39.0) Gecko/20100101 Firefox/39.0,4951,Firefox 39 on Windows Vista,,,Firefox 39,Firefox,firefox,39,39.0,Windows Vista,Windows,windows,Vista,NT 6.0,,,[],,,,browser,web-browser,,computer,,,,Gecko,"[""20100101""]","{""20"": [""Possibly running on Windows Server 2008"", ""32 bit compatibility layer""]}",{},[],[],2015-07-28 18:33:24.000000,2019-06-27 06:21:05.000000,NULL
64,"Mozilla/5.0 (iPhone; CPU iPhone OS 8_4_1 like Mac OS X) AppleWebKit/600.1.4 (KHTML, like Gecko) Version/8.0 Mobile/12H321 Safari/600.1.4",33712,Safari 8 on iOS 8.4,,Apple iPhone,Safari 8,Safari,safari,8,8.0,iOS 8.4,iOS,ios,8.4,8.4.1,,,[],iPhone,,Apple,browser,web-browser,,mobile,phone,,,WebKit,"[""600"", ""1"", ""4""]",{},"{""Mobile Build"": ""12H321""}",[],[],2015-08-15 06:43:39.000000,2019-07-26 00:00:00.000000,NULL
65,Mozilla/5.0 (Windows NT 6.3; WOW64; Trident/7.0; TNJB; rv:11.0) like Gecko,4489,Internet Explorer 11 on Windows 8.1,,Toshiba,Internet Explorer 11,Internet Explorer,internet-explorer,11,11,Windows 8.1,Windows,windows,8.1,NT 6.3,,,[],,,Toshiba,browser,web-browser,,computer,,,,Trident,"[""7"", ""0""]","{""20"": [""32 bit compatibility layer""]}",{},[],[],2014-07-13 00:16:22.000000,2019-07-26 00:00:00.000000,NULL
66,Mozilla/5.0 (Windows NT 6.1; WOW64; rv:41.0) Gecko/20100101 Firefox/41.0,147585,Firefox 41 on Windows 7,,,Firefox 41,Firefox,firefox,41,41.0,Windows 7,Windows,windows,7,NT 6.1,,,[],,,,browser,web-browser,,computer,,,,Gecko,"[""20100101""]","{""20"": [""Possibly running on Windows Server 2008 R2"", ""32 bit compatibility layer""]}",{},[],[],2015-07-23 13:05:03.000000,2019-07-25 00:00:00.000000,NULL
67,Mozilla/4.0 (compatible; MSIE 8.0; Windows NT 6.1; Trident/4.0; SLCC2; .NET CLR 2.0.50727; .NET CLR 3.5.30729; .NET CLR 3.0.30729; Media Center PC 6.0; .NET4.0C; .NET4.0E; InfoPath.2),1319,Internet Explorer 8 on Windows 7,,,Internet Explorer 8,Internet Explorer,internet-explorer,8,8,Windows 7,Windows,windows,7,NT 6.1,,,"[{""code"": ""microsoft-dotnet"", ""name"": ""Microsoft .Net"", ""versions"": [{""simple"": ""4.0"", ""full"": [""4"", ""0C""]}, {""simple"": ""4.0"", ""full"": [""4"", ""0E""]}, {""simple"": ""2.0"", ""full"": [""2"", ""0"", ""50727""]}, {""simple"": ""3.5"", ""full"": [""3"", ""5"", ""30729""]}, {""simple"": ""3.0"", ""full"": [""3"", ""0"", ""30729""]}]}]",,,,browser,web-browser,,computer,,,,Trident,"[""4"", ""0""]","{""20"": [""Media Center PC v6.0""]}",{},[],"[""InfoPath XML MIME Filter v2"", ""Microsoft Windows Security Licensing v2.0""]",2010-08-26 13:21:23.000000,2019-07-27 11:00:55.091491,NULL
68,Mozilla/5.0 (Windows NT 6.1; Trident/7.0; rv:11.0) like Gecko,739645,Internet Explorer 11 on Windows 7,,,Internet Explorer 11,Internet Explorer,internet-explorer,11,11,Windows 7,Windows,windows,7,NT 6.1,,,[],,,,browser,web-browser,,computer,,,,Trident,"[""7"", ""0""]","{""20"": [""Possibly running on Windows Server 2008 R2""]}",{},[],[],2013-11-15 10:33:02.000000,2019-07-28 06:00:23.217467,NULL
69,"Mozilla/5.0 (iPad; CPU OS 7_1_2 like Mac OS X) AppleWebKit/537.51.2 (KHTML, like Gecko) Version/7.0 Mobile/11D257 Safari/9537.53",51722,Safari 7 on iOS 7.1,,Apple iPad,Safari 7,Safari,safari,7,7.0,iOS 7.1,iOS,ios,7.1,7.1.2,,,[],iPad,,Apple,browser,web-browser,,mobile,tablet,,,WebKit,"[""537"", ""51"", ""2""]",{},"{""Mobile Build"": ""11D257""}",[],[],2014-07-03 21:48:30.000000,2019-07-27 00:00:00.000000,NULL
70,"Mozilla/5.0 (Windows NT 6.1) AppleWebKit/537.36 (KHTML, like Gecko) Chrome/44.0.2403.155 Safari/537.36",3094,Chrome 44 on Windows 7,,,Chrome 44,Chrome,chrome,44,44.0.2403.155,Windows 7,Windows,windows,7,NT 6.1,,,[],,,,browser,web-browser,,computer,,,,Blink,[],"{""20"": [""Possibly running on Windows Server 2008 R2""]}",{},[],[],2015-08-12 15:47:40.000000,2019-07-16 00:00:00.000000,NULL
71,"Mozilla/5.0 (iPhone; CPU iPhone OS 8_3 like Mac OS X) AppleWebKit/600.1.4 (KHTML, like Gecko) Version/8.0 Mobile/12F70 Safari/600.1.4",67344,Safari 8 on iOS 8.3,,Apple iPhone,Safari 8,Safari,safari,8,8.0,iOS 8.3,iOS,ios,8.3,8.3,,,[],iPhone,,Apple,browser,web-browser,,mobile,phone,,,WebKit,"[""600"", ""1"", ""4""]",{},"{""Mobile Build"": ""12F70""}",[],[],2015-04-10 02:07:11.000000,2019-07-26 22:00:40.621692,NULL
72,"Mozilla/5.0 (Windows NT 6.1) AppleWebKit/537.36 (KHTML, like Gecko) coc_coc_browser/50.2.155 Chrome/44.2.2403.155 Safari/537.36",29,Chrome 44.2 on Windows 7,,,Chrome 44.2,Chrome,chrome,44.2,44.2.2403.155,Windows 7,Windows,windows,7,NT 6.1,,,[],,,,browser,web-browser,,computer,,,,Blink,[],"{""20"": [""Possibly running on Windows Server 2008 R2""]}",{},[],[],2016-03-13 12:03:27.000000,2019-06-27 06:21:05.000000,NULL
73,Mozilla/5.0 (X11; Linux x86_64; rv:36.0) Gecko/20100101 Firefox/36.0,1413,Firefox 36 on Linux,,,Firefox 36,Firefox,firefox,36,36.0,Linux,Linux,linux,,,,,[],,,,browser,web-browser,,computer,,,,Gecko,"[""20100101""]","{""20"": [""X11 Window System""]}","{""Hardware Architecture"": ""x64""}",[],[],2015-02-18 18:33:46.000000,2019-07-18 00:00:00.000000,NULL
74,"Mozilla/5.0 (iPad; CPU OS 8_4_1 like Mac OS X) AppleWebKit/600.1.4 (KHTML, like Gecko) Version/8.0 Mobile/12H321 Safari/600.1.4",27510,Safari 8 on iOS 8.4,,Apple iPad,Safari 8,Safari,safari,8,8.0,iOS 8.4,iOS,ios,8.4,8.4.1,,,[],iPad,,Apple,browser,web-browser,,mobile,tablet,,,WebKit,"[""600"", ""1"", ""4""]",{},"{""Mobile Build"": ""12H321""}",[],[],2015-08-14 13:38:33.000000,2019-07-27 00:00:00.000000,NULL
75,Mozilla/5.0 (Macintosh; Intel Mac OS X 10.8; rv:21.0) Gecko/20100101 Firefox/21.0,2957,Firefox 21 on Mac OS X (Mountain Lion),,,Firefox 21,Firefox,firefox,21,21.0,Mac OS X (Mountain Lion),Mac OS X,mac-os-x,Mountain Lion,10.8,,,[],,,,browser,web-browser,,computer,,,,Gecko,"[""20100101""]",{},{},[],[],2013-04-16 23:11:20.000000,2019-07-26 00:00:00.000000,NULL
76,Mozilla/5.0 (Macintosh; Intel Mac OS X 10.9; rv:35.0) Gecko/20100101 Firefox/35.0,11288,Firefox 35 on Mac OS X (Mavericks),,,Firefox 35,Firefox,firefox,35,35.0,Mac OS X (Mavericks),Mac OS X,mac-os-x,Mavericks,10.9,,,[],,,,browser,web-browser,,computer,,,,Gecko,"[""20100101""]",{},{},[],[],2015-01-15 16:30:40.000000,2019-07-18 15:00:50.843678,NULL
77,"Mozilla/5.0 (Macintosh; Intel Mac OS X 10_7_5) AppleWebKit/537.78.2 (KHTML, like Gecko) Version/6.1.6 Safari/537.78.2",97381,Safari 6.1 on Mac OS X (Lion),,,Safari 6.1,Safari,safari,6.1,6.1.6,Mac OS X (Lion),Mac OS X,mac-os-x,Lion,10.7.5,,,[],,,,browser,web-browser,,computer,,,,WebKit,"[""537"", ""78"", ""2""]",{},{},[],[],2014-08-26 21:07:56.000000,2019-07-28 04:00:34.956114,NULL
78,"Mozilla/5.0 (Windows NT 10.0; Win64; x64) AppleWebKit/537.36 (KHTML, like Gecko) Chrome/44.0.2403.130 Safari/537.36",316,Chrome 44 on Windows 10,,,Chrome 44,Chrome,chrome,44,44.0.2403.130,Windows 10,Windows,windows,10,NT 10.0,,,[],,,,browser,web-browser,,computer,,,,Blink,[],"{""20"": [""64-bit Edition""]}","{""Hardware Architecture"": ""64-bit processor (AMD)""}",[],[],2015-11-26 16:05:31.000000,2019-06-27 06:21:05.000000,NULL
79,Mozilla/5.0 (compatible; Googlebot/2.1; +http://www.google.com/bot.html),5097527,Googlebot 2.1,,,Googlebot 2.1,Googlebot,googlebot,2.1,2.1,,,,,,,,[],,,,bot,crawler,,server,,,,,[],{},{},[],[],2004-06-30 07:37:07.000000,2019-07-28 06:00:16.493499,NULL
80,Mozilla/5.0 (Windows NT 6.3; WOW64; rv:40.0) Gecko/20100101 Firefox/40.0,31791,Firefox 40 on Windows 8.1,,,Firefox 40,Firefox,firefox,40,40.0,Windows 8.1,Windows,windows,8.1,NT 6.3,,,[],,,,browser,web-browser,,computer,,,,Gecko,"[""20100101""]","{""20"": [""32 bit compatibility layer""]}",{},[],[],2015-05-18 13:08:47.000000,2019-06-27 06:21:05.000000,NULL
81,Mozilla/5.0 (Mobile; rv:32.0) Gecko/32.0 Firefox/32.0,33,Firefox 32,,,Firefox 32,Firefox,firefox,32,32.0,,,,,,,,[],,,,browser,web-browser,,mobile,,,,Gecko,"[""32"", ""0""]",{},{},[],[],2016-03-13 12:03:27.000000,2019-06-27 06:21:05.000000,NULL
82,Mozilla/4.0 (compatible; MSIE 7.0; Windows NT 6.2; WOW64; Trident/7.0; .NET4.0E; .NET4.0C; .NET CLR 3.5.30729; .NET CLR 2.0.50727; .NET CLR 3.0.30729; Tablet PC 2.0; McAfee; AmericasCardroom; BRI/2; GWX:DOWNLOADED),31,Internet Explorer 11 on Windows 8,Internet Explorer 7 Compatibility View,,Internet Explorer 11,Internet Explorer,internet-explorer,11,11,Windows 8,Windows,windows,8,NT 6.2,,,"[{""code"": ""microsoft-dotnet"", ""name"": ""Microsoft .Net"", ""versions"": [{""simple"": ""4.0"", ""full"": [""4"", ""0E""]}, {""simple"": ""4.0"", ""full"": [""4"", ""0C""]}, {""simple"": ""3.5"", ""full"": [""3"", ""5"", ""30729""]}, {""simple"": ""2.0"", ""full"": [""2"", ""0"", ""50727""]}, {""simple"": ""3.0"", ""full"": [""3"", ""0"", ""30729""]}]}]",,,,browser,web-browser,,computer,,,,Trident,"[""7"", ""0""]","{""10"": [""Internet Explorer 7 Compatibility View""], ""20"": [""32 bit compatibility layer"", ""Tablet PC""]}","{""Tablet PC Version"": ""2.0""}",[],"[""Bing Toolbar v2"", ""McAfee AntiVirus""]",2016-03-13 12:03:27.000000,2019-06-27 06:21:05.000000,NULL
83,"Mozilla/5.0 (Macintosh; Intel Mac OS X 10_10_3) AppleWebKit/537.36 (KHTML, like Gecko) Chrome/44.0.2403.155 Safari/537.36",432,Chrome 44 on Mac OS X (Yosemite),,,Chrome 44,Chrome,chrome,44,44.0.2403.155,Mac OS X (Yosemite),Mac OS X,mac-os-x,Yosemite,10.10.3,,,[],,,,browser,web-browser,,computer,,,,Blink,[],{},{},[],[],2015-08-14 00:15:15.000000,2019-06-27 06:21:05.000000,NULL
84,Mozilla/5.0 (compatible; MSIE 9.0; Windows NT 6.1; Trident/7.0),1235,Internet Explorer 11 on Windows 7,Internet Explorer 9 Compatibility View,,Internet Explorer 11,Internet Explorer,internet-explorer,11,11,Windows 7,Windows,windows,7,NT 6.1,,,[],,,,browser,web-browser,,computer,,,,Trident,"[""7"", ""0""]","{""10"": [""Internet Explorer 9 Compatibility View""], ""20"": [""Possibly running on Windows Server 2008 R2""]}",{},[],[],2014-04-16 10:57:29.000000,2019-06-27 06:21:05.000000,NULL
85,"Mozilla/5.0 (iPad; CPU OS 8_2 like Mac OS X) AppleWebKit/600.1.4 (KHTML, like Gecko) Version/8.0 Mobile/12D508 Safari/600.1.4",24781,Safari 8 on iOS 8.2,,Apple iPad,Safari 8,Safari,safari,8,8.0,iOS 8.2,iOS,ios,8.2,8.2,,,[],iPad,,Apple,browser,web-browser,,mobile,tablet,,,WebKit,"[""600"", ""1"", ""4""]",{},"{""Mobile Build"": ""12D508""}",[],[],2015-03-11 10:13:55.000000,2019-07-24 11:00:48.403397,NULL
86,"Mozilla/5.0 (Macintosh; Intel Mac OS X 10_10_4) AppleWebKit/537.36 (KHTML, like Gecko) Chrome/46.0.2483.0 Safari/537.36",28,Chrome 46 on Mac OS X (Yosemite),,,Chrome 46,Chrome,chrome,46,46.0.2483.0,Mac OS X (Yosemite),Mac OS X,mac-os-x,Yosemite,10.10.4,,,[],,,,browser,web-browser,,computer,,,,Blink,[],{},{},[],[],2016-03-13 12:03:27.000000,2019-06-27 06:21:05.000000,NULL
87,Mozilla/5.0 (Windows NT 5.1; WOW64; rv:39.0) Gecko/20100101 Firefox/39.0,4256,Firefox 39 on Windows XP,,,Firefox 39,Firefox,firefox,39,39.0,Windows XP,Windows,windows,XP,NT 5.1,,,[],,,,browser,web-browser,,computer,,,,Gecko,"[""20100101""]","{""20"": [""32 bit compatibility layer""]}",{},[],[],2015-07-23 23:45:37.000000,2019-06-27 06:21:05.000000,NULL
88,Mozilla/4.0 (compatible; MSIE 7.0; Windows NT 6.1; WOW64; Trident/6.0; SLCC2; .NET CLR 2.0.50727; .NET CLR 3.5.30729; .NET CLR 3.0.30729; Media Center PC 6.0; InfoPath.3; .NET4.0C; .NET4.0E; MS-RTC LM 8),39,Internet Explorer 10 on Windows 7,Internet Explorer 7 Compatibility View,,Internet Explorer 10,Internet Explorer,internet-explorer,10,10,Windows 7,Windows,windows,7,NT 6.1,,,"[{""code"": ""microsoft-dotnet"", ""name"": ""Microsoft .Net"", ""versions"": [{""simple"": ""4.0"", ""full"": [""4"", ""0C""]}, {""simple"": ""4.0"", ""full"": [""4"", ""0E""]}, {""simple"": ""2.0"", ""full"": [""2"", ""0"", ""50727""]}, {""simple"": ""3.5"", ""full"": [""3"", ""5"", ""30729""]}, {""simple"": ""3.0"", ""full"": [""3"", ""0"", ""30729""]}]}]",,,,browser,web-browser,,computer,,,,Trident,"[""6"", ""0""]","{""10"": [""Internet Explorer 7 Compatibility View""], ""20"": [""32 bit compatibility layer"", ""Media Center PC v6.0""]}",{},[],"[""InfoPath XML MIME Filter v3"", ""Live Meeting 2007"", ""Microsoft Windows Security Licensing v2.0""]",2016-03-13 12:03:27.000000,2019-06-27 06:21:05.000000,NULL
89,Mozilla/5.0 (Android; Linux armv7l; rv:5.0) Gecko/20110615 Firefox/5.0 Fennec/5.0,66,Fennec 5 on Android,,,Fennec 5,Fennec,fennec,5,5.0,Android,Android,android,,,,,[],,,,browser,web-browser,,mobile,,,,Gecko,"[""20110615""]",{},"{""Hardware Architecture"": ""ARM v7L""}",[],[],2013-09-26 21:59:42.000000,2019-06-27 06:21:05.000000,NULL
90,"Mozilla/5.0 (iPhone; CPU iPhone OS 8_1_3 like Mac OS X) AppleWebKit/600.1.4 (KHTML, like Gecko) Mobile/12B466 [FBAN/FBIOS;FBAV/37.0.0.21.273;FBBV/13822349;FBDV/iPhone6,1;FBMD/iPhone;FBSN/iPhone OS;FBSV/8.1.3;FBSS/2; FBCR/fido;FBID/phone;FBLC/fr_FR;FBOP/5]",28,Facebook App 37 on iOS 8.1,,Apple iPhone 5s,Facebook App 37,Facebook App,facebook-app,37,37.0.0.21.273,iOS 8.1,iOS,ios,8.1,8.1.3,,,[],iPhone 5s,,Apple,browser,in-app-browser,,mobile,phone,,,WebKit,"[""600"", ""1"", ""4""]",{},"{""iPhone Version Full"": ""iPhone 5s GSM"", ""Mobile Build"": ""12B466""}",[],[],2016-03-13 12:03:27.000000,2019-06-27 06:21:05.000000,NULL
91,Mozilla/5.0 (Windows NT 6.1; Win64; x64; rv:40.0) Gecko/20100101 Firefox/40.0 Cyberfox/40.0,30,Firefox 40 on Windows 7,,,Firefox 40,Firefox,firefox,40,40.0,Windows 7,Windows,windows,7,NT 6.1,,,[],,,,browser,web-browser,,computer,,,,Gecko,"[""20100101""]","{""20"": [""Possibly running on Windows Server 2008 R2"", ""64-bit Edition""]}","{""Hardware Architecture"": ""64-bit processor (AMD)""}",[],[],2016-03-13 12:03:27.000000,2019-06-27 06:21:05.000000,NULL
92,"Mozilla/5.0 (iPad; CPU OS 7_0_4 like Mac OS X) AppleWebKit/537.51.1 (KHTML, like Gecko) Mercury/8.7 Mobile/11B554a Safari/9537.53",36,Mercury Browser 8.7 on iOS 7,,Apple iPad,Mercury Browser 8.7,Mercury Browser,mercury-browser,8.7,8.7,iOS 7,iOS,ios,7,7.0.4,,,[],iPad,,Apple,browser,web-browser,,mobile,tablet,,,WebKit,"[""537"", ""51"", ""1""]",{},"{""Mobile Build"": ""11B554a""}",[],[],2016-03-13 12:03:27.000000,2019-06-27 06:21:05.000000,NULL
93,Mozilla/4.0 (compatible; MSIE 7.0; Windows NT 6.3; WOW64; Trident/7.0; .NET4.0E; .NET4.0C; .NET CLR 3.5.30729; .NET CLR 2.0.50727; .NET CLR 3.0.30729; GWX:QUALIFIED; MASMJS),35,Internet Explorer 11 on Windows 8.1,Internet Explorer 7 Compatibility View,Samsung,Internet Explorer 11,Internet Explorer,internet-explorer,11,11,Windows 8.1,Windows,windows,8.1,NT 6.3,,,"[{""code"": ""microsoft-dotnet"", ""name"": ""Microsoft .Net"", ""versions"": [{""simple"": ""4.0"", ""full"": [""4"", ""0E""]}, {""simple"": ""4.0"", ""full"": [""4"", ""0C""]}, {""simple"": ""3.5"", ""full"": [""3"", ""5"", ""30729""]}, {""simple"": ""2.0"", ""full"": [""2"", ""0"", ""50727""]}, {""simple"": ""3.0"", ""full"": [""3"", ""0"", ""30729""]}]}]",,,Samsung,browser,web-browser,,computer,,,,Trident,"[""7"", ""0""]","{""10"": [""Internet Explorer 7 Compatibility View""], ""20"": [""32 bit compatibility layer""]}",{},[],[],2016-03-13 12:03:27.000000,2019-06-27 06:21:05.000000,NULL
94,"Mozilla/5.0 (iPhone; CPU iPhone OS 7_1 like Mac OS X) AppleWebKit (KHTML, like Gecko) Mobile (compatible; Yahoo! Slurp; http://help.yahoo.com/help/us/ysearch/slurp)",686,Yahoo! Slurp Web Crawler Bot,,,Yahoo! Slurp Web Crawler Bot,Yahoo! Slurp Web Crawler Bot,yahoo-slurp-web-crawler-bot,,,,,,,,,,[],,,,bot,crawler,,server,,,,,[],{},{},[],[],2015-05-17 09:46:35.000000,2019-06-27 06:21:05.000000,NULL
95,Mozilla/5.0 (Windows NT 6.1; WOW64; Trident/7.0; NP06; rv:11.0) like Gecko,14027,Internet Explorer 11 on Windows 7,,Asus,Internet Explorer 11,Internet Explorer,internet-explorer,11,11,Windows 7,Windows,windows,7,NT 6.1,,,[],,,Asus,browser,web-browser,,computer,,,,Trident,"[""7"", ""0""]","{""20"": [""Possibly running on Windows Server 2008 R2"", ""32 bit compatibility layer""]}",{},[],[],2013-12-19 14:51:03.000000,2019-07-27 00:00:00.000000,NULL
96,Mozilla/4.0 (compatible; MSIE 7.0; Windows NT 6.3; ARM; Trident/7.0; Touch; .NET4.0E; .NET4.0C; Tablet PC 2.0),432,Internet Explorer 11 on Windows 8.1,Internet Explorer 7 Compatibility View,,Internet Explorer 11,Internet Explorer,internet-explorer,11,11,Windows 8.1,Windows,windows,8.1,NT 6.3,,,"[{""code"": ""microsoft-dotnet"", ""name"": ""Microsoft .Net"", ""versions"": [{""simple"": ""4.0"", ""full"": [""4"", ""0E""]}, {""simple"": ""4.0"", ""full"": [""4"", ""0C""]}]}]",,,,browser,web-browser,,computer,,,,Trident,"[""7"", ""0""]","{""10"": [""Internet Explorer 7 Compatibility View""], ""20"": [""Tablet PC""]}","{""Hardware Architecture"": ""ARM"", ""Tablet PC Version"": ""2.0""}","[""Touch capability""]",[],2015-03-26 04:51:32.000000,2019-06-27 06:21:05.000000,NULL
98,Mozilla/5.0 (Windows; U; Windows NT 6.1; en-US; rv:1.9.0.19) Gecko/2010062819 Firefox/3.0.19 Flock/2.6.1,900,Flock 2.6 on Windows 7,,,Flock 2.6,Flock,flock,2.6,2.6.1,Windows 7,Windows,windows,7,NT 6.1,,,[],,,,browser,web-browser,,computer,,,,Gecko,"[""2010062819""]","{""20"": [""Possibly running on Windows Server 2008 R2""]}",{},[],[],2010-07-20 13:26:05.000000,2019-06-27 06:21:05.000000,NULL
99,"Mozilla/5.0 (Windows NT 10.0; WOW64) AppleWebKit/537.36 (KHTML, like Gecko) Chrome/44.0.2403.157 Safari/537.36",3976,Chrome 44 on Windows 10,,,Chrome 44,Chrome,chrome,44,44.0.2403.157,Windows 10,Windows,windows,10,NT 10.0,,,[],,,,browser,web-browser,,computer,,,,Blink,[],"{""20"": [""32 bit compatibility layer""]}",{},[],[],2015-08-23 02:14:43.000000,2019-06-28 07:00:45.145227,NULL
100,Mozilla/5.0 (Windows NT 6.3; WOW64; Trident/7.0; Touch; rv:11.0) like Gecko,60450,Internet Explorer 11 on Windows 8.1,,,Internet Explorer 11,Internet Explorer,internet-explorer,11,11,Windows 8.1,Windows,windows,8.1,NT 6.3,,,[],,,,browser,web-browser,,computer,,,,Trident,"[""7"", ""0""]","{""20"": [""32 bit compatibility layer""]}",{},"[""Touch capability""]",[],2014-01-26 21:21:41.000000,2019-07-27 19:00:03.053179,NULL
102,Mozilla/4.0 (compatible; MSIE 7.0; Windows NT 6.1; WOW64; Trident/7.0; SLCC2; .NET CLR 2.0.50727; .NET CLR 3.5.30729; .NET CLR 3.0.30729; Media Center PC 6.0; .NET4.0C; .NET4.0E),17164,Internet Explorer 11 on Windows 7,Internet Explorer 7 Compatibility View,,Internet Explorer 11,Internet Explorer,internet-explorer,11,11,Windows 7,Windows,windows,7,NT 6.1,,,"[{""code"": ""microsoft-dotnet"", ""name"": ""Microsoft .Net"", ""versions"": [{""simple"": ""4.0"", ""full"": [""4"", ""0C""]}, {""simple"": ""4.0"", ""full"": [""4"", ""0E""]}, {""simple"": ""2.0"", ""full"": [""2"", ""0"", ""50727""]}, {""simple"": ""3.5"", ""full"": [""3"", ""5"", ""30729""]}, {""simple"": ""3.0"", ""full"": [""3"", ""0"", ""30729""]}]}]",,,,browser,web-browser,,computer,,,,Trident,"[""7"", ""0""]","{""10"": [""Internet Explorer 7 Compatibility View""], ""20"": [""32 bit compatibility layer"", ""Media Center PC v6.0""]}",{},[],"[""Microsoft Windows Security Licensing v2.0""]",2014-04-08 20:44:00.000000,2019-07-26 11:00:31.349610,NULL
103,"Mozilla/5.0 (Macintosh; Intel Mac OS X 10_10) AppleWebKit/600.1.25 (KHTML, like Gecko) Version/8.0 Safari/600.1.25",25373,Safari 8 on Mac OS X (Yosemite),,,Safari 8,Safari,safari,8,8.0,Mac OS X (Yosemite),Mac OS X,mac-os-x,Yosemite,10.10,,,[],,,,browser,web-browser,,computer,,,,WebKit,"[""600"", ""1"", ""25""]",{},{},[],[],2014-10-02 12:06:38.000000,2019-07-26 00:00:00.000000,NULL
104,"Mozilla/5.0 (Windows NT 6.2) AppleWebKit/537.36 (KHTML, like Gecko) Chrome/44.0.2403.157 Safari/537.36",342,Chrome 44 on Windows 8,,,Chrome 44,Chrome,chrome,44,44.0.2403.157,Windows 8,Windows,windows,8,NT 6.2,,,[],,,,browser,web-browser,,computer,,,,Blink,[],{},{},[],[],2015-08-26 11:17:21.000000,2019-06-27 06:21:05.000000,NULL
